{"stats":{"minecraft:custom":{"minecraft:time_since_rest":16508,"minecraft:walk_one_cm":3956,"minecraft:leave_game":5,"minecraft:walk_under_water_one_cm":346,"minecraft:damage_taken":70,"minecraft:play_time":16508,"minecraft:jump":111,"minecraft:time_since_death":16508,"minecraft:sprint_one_cm":10678,"minecraft:fall_one_cm":1325,"minecraft:swim_one_cm":1051,"minecraft:total_world_time":16508,"minecraft:fly_one_cm":156722,"minecraft:walk_on_water_one_cm":1418,"minecraft:crouch_one_cm":272,"minecraft:sneak_time":367},"minecraft:used":{"minecraft:stone":1,"minecraft:minecart":5,"minecraft:barrier":2,"minecraft:stone_bricks":58}},"DataVersion":4440}