{"stats":{"minecraft:crafted":{"minecraft:suspicious_stew":132,"minecraft:golden_carrot":36,"minecraft:pumpkin_pie":192,"minecraft:bread":96,"minecraft:cookie":1098,"minecraft:air":0,"minecraft:apple":320,"minecraft:emerald":228,"minecraft:glistering_melon_slice":36},"minecraft:used":{"minecraft:magenta_concrete":29,"minecraft:light_gray_dye":13,"minecraft:cactus":1,"minecraft:cartography_table":20,"minecraft:white_banner":1,"minecraft:diamond_sword":6,"minecraft:wheat_seeds":83,"minecraft:pink_wool":79,"minecraft:glass":509,"minecraft:polished_diorite_stairs":540,"minecraft:mushroom_stem":20,"minecraft:black_terracotta":3,"minecraft:quartz_block":2474,"minecraft:oak_wood":9,"minecraft:detector_rail":14,"minecraft:light_gray_carpet":2,"minecraft:jungle_log":1,"minecraft:coal_ore":1,"minecraft:blue_concrete":10,"minecraft:oak_log":386,"minecraft:sea_lantern":258,"minecraft:spruce_slab":23,"minecraft:gray_carpet":2,"minecraft:diorite_wall":24,"minecraft:villager_spawn_egg":7,"minecraft:stripped_oak_log":2,"minecraft:gray_terracotta":3,"minecraft:hopper_minecart":11,"minecraft:brown_mushroom_block":5,"minecraft:polished_granite_stairs":12,"minecraft:blue_terracotta":1,"minecraft:lime_stained_glass":7,"minecraft:loom":2,"minecraft:green_carpet":42,"minecraft:polished_diorite":165,"minecraft:magenta_glazed_terracotta":6,"minecraft:quartz_pillar":214,"minecraft:dirt_path":1,"minecraft:andesite_wall":4,"minecraft:mossy_cobblestone":84,"minecraft:quartz_bricks":1,"minecraft:red_stained_glass":12,"minecraft:honey_block":205,"minecraft:crimson_button":13,"minecraft:spawner":4,"minecraft:orange_dye":5,"minecraft:anvil":4,"minecraft:spruce_fence_gate":4,"minecraft:white_stained_glass_pane":652,"minecraft:light_blue_stained_glass":4,"minecraft:red_nether_bricks":9,"minecraft:written_book":2,"minecraft:terracotta":2,"minecraft:polished_granite":160,"minecraft:sand":193,"minecraft:redstone_block":871,"minecraft:orange_bed":2,"minecraft:polished_granite_slab":2,"minecraft:glow_ink_sac":22,"minecraft:gray_wool":426,"minecraft:nether_wart_block":8,"minecraft:dark_oak_fence_gate":2,"minecraft:bucket":2,"minecraft:blue_carpet":13,"minecraft:oak_sapling":41,"minecraft:yellow_wool":506,"minecraft:smooth_stone_slab":132,"minecraft:iron_door":37,"minecraft:oak_trapdoor":62,"minecraft:oak_fence":45,"minecraft:grass_block":1275,"minecraft:string":23,"minecraft:sponge":449,"minecraft:emerald_block":23,"minecraft:birch_slab":2,"minecraft:polished_blackstone_stairs":3,"minecraft:deepslate":4,"minecraft:brown_carpet":12,"minecraft:andesite":165,"minecraft:dark_oak_log":11,"minecraft:acacia_log":11,"minecraft:stone_brick_slab":22,"minecraft:stone_bricks":516,"minecraft:warped_button":17,"minecraft:light_gray_wool":583,"minecraft:gray_dye":5,"minecraft:blue_wool":311,"minecraft:minecart":125,"minecraft:packed_ice":27,"minecraft:smooth_stone":20,"minecraft:orange_stained_glass":6,"minecraft:gray_stained_glass":43,"minecraft:quartz_slab":49,"minecraft:red_bed":3,"minecraft:light_blue_wool":990,"minecraft:diorite":2,"minecraft:redstone":1756,"minecraft:white_stained_glass":455,"minecraft:spruce_door":5,"minecraft:cobblestone":6,"minecraft:wooden_shovel":4,"minecraft:stone":266,"minecraft:spruce_sign":16,"minecraft:spruce_trapdoor":56,"minecraft:red_dye":11,"minecraft:target":41,"minecraft:lapis_block":2,"minecraft:glow_item_frame":6,"minecraft:brown_terracotta":2,"minecraft:gray_glazed_terracotta":10,"minecraft:spruce_log":51,"minecraft:stone_hoe":64,"minecraft:black_concrete":4109,"minecraft:water_bucket":571,"minecraft:soul_sand":12,"minecraft:purple_concrete":29,"minecraft:green_terracotta":6,"minecraft:warped_stairs":2,"minecraft:torch":3,"minecraft:brown_stained_glass":6,"minecraft:chiseled_stone_bricks":80,"minecraft:red_wool":910,"minecraft:jungle_sapling":15,"minecraft:brown_dye":3,"minecraft:black_dye":5,"minecraft:gravel":339,"minecraft:white_wool":825,"minecraft:red_terracotta":7,"minecraft:comparator":296,"minecraft:redstone_lamp":1648,"minecraft:amethyst_block":8,"minecraft:dark_oak_trapdoor":227,"minecraft:chest":15,"minecraft:cauldron":54,"minecraft:polished_andesite_stairs":59,"minecraft:painting":16,"minecraft:repeater":355,"minecraft:andesite_stairs":41,"minecraft:player_head":99,"minecraft:spruce_pressure_plate":54,"minecraft:melon":6,"minecraft:iron_block":27,"minecraft:netherite_shovel":11,"minecraft:potato":81,"minecraft:sticky_piston":632,"minecraft:jungle_planks":196,"minecraft:oak_sign":82,"minecraft:creeper_head":2,"minecraft:dark_oak_stairs":202,"minecraft:glass_pane":84,"minecraft:lantern":4,"minecraft:short_grass":29,"minecraft:granite":148,"minecraft:farmland":176,"minecraft:dark_oak_pressure_plate":23,"minecraft:red_carpet":12,"minecraft:black_wool":63,"minecraft:smooth_quartz":2514,"minecraft:purple_stained_glass":44,"minecraft:beetroot_seeds":66,"minecraft:jukebox":1643,"minecraft:purpur_block":32,"minecraft:orange_wool":660,"minecraft:green_wool":92,"minecraft:oak_door":6,"minecraft:stone_pressure_plate":5,"minecraft:yellow_bed":1,"minecraft:vine":19,"minecraft:chiseled_quartz_block":1007,"minecraft:light_blue_carpet":2,"minecraft:writable_book":11,"minecraft:bone_meal":872,"minecraft:item_frame":51,"minecraft:yellow_dye":4,"minecraft:dark_oak_planks":3194,"minecraft:glowstone":233,"minecraft:lime_wool":341,"minecraft:dirt":724,"minecraft:obsidian":88,"minecraft:dark_oak_sign":1,"minecraft:stripped_spruce_log":2,"minecraft:stripped_bamboo_block":25,"minecraft:spruce_planks":1683,"minecraft:pink_stained_glass":9,"minecraft:oak_leaves":681,"minecraft:bamboo_block":30,"minecraft:rail":150,"minecraft:tall_grass":1,"minecraft:iron_bars":13,"minecraft:red_mushroom_block":3,"minecraft:lectern":2,"minecraft:granite_wall":4,"minecraft:stone_brick_stairs":193,"minecraft:iron_trapdoor":488,"minecraft:powered_rail":383,"minecraft:splash_potion":4,"minecraft:oak_planks":30,"minecraft:dropper":62,"minecraft:quartz_stairs":403,"minecraft:spruce_fence":6,"minecraft:mud_brick_stairs":1,"minecraft:observer":369,"minecraft:netherite_sword":3,"minecraft:spruce_stairs":113,"minecraft:red_concrete":20,"minecraft:diorite_stairs":264,"minecraft:packed_mud":3,"minecraft:yellow_stained_glass":7,"minecraft:crimson_planks":76,"minecraft:sheep_spawn_egg":1,"minecraft:stripped_dark_oak_log":2,"minecraft:command_block":21,"minecraft:dark_oak_fence":12,"minecraft:magma_block":4,"minecraft:blast_furnace":58,"minecraft:lime_terracotta":10,"minecraft:diorite_slab":138,"minecraft:piston":73,"minecraft:cobblestone_wall":3,"minecraft:oak_slab":11,"minecraft:lime_bed":1,"minecraft:hopper":51,"minecraft:cyan_carpet":2,"minecraft:polished_andesite":488,"minecraft:blue_concrete_powder":1,"minecraft:carrot":75,"minecraft:note_block":77,"minecraft:oak_pressure_plate":5,"minecraft:light_gray_stained_glass":2,"minecraft:oak_fence_gate":6,"minecraft:lime_dye":1,"minecraft:granite_stairs":7,"minecraft:magenta_stained_glass":24,"minecraft:polished_diorite_slab":221,"minecraft:light_blue_dye":8,"minecraft:smooth_quartz_slab":74,"minecraft:blue_dye":2,"minecraft:white_dye":7,"minecraft:structure_void":6,"minecraft:slime_block":299,"minecraft:repeating_command_block":5,"minecraft:green_dye":1,"minecraft:furnace":4,"minecraft:green_concrete":8,"minecraft:barrel":151,"minecraft:yellow_concrete":11,"minecraft:cyan_wool":55,"minecraft:fern":16,"minecraft:wooden_hoe":106,"minecraft:lever":13,"minecraft:dark_oak_slab":151,"minecraft:oak_button":26,"minecraft:white_concrete":608,"minecraft:white_glazed_terracotta":6,"minecraft:tripwire_hook":2,"minecraft:cyan_dye":5,"minecraft:stone_button":132,"minecraft:debug_stick":625,"minecraft:composter":52,"minecraft:oak_stairs":4,"minecraft:cyan_terracotta":9,"minecraft:mangrove_button":12,"minecraft:smooth_quartz_stairs":403,"minecraft:ender_chest":1,"minecraft:redstone_torch":383,"minecraft:brown_wool":9,"minecraft:polished_andesite_slab":8,"minecraft:egg":18,"minecraft:stripped_jungle_log":1,"minecraft:heavy_weighted_pressure_plate":1},"minecraft:custom":{"minecraft:time_since_rest":74424,"minecraft:talked_to_villager":126,"minecraft:leave_game":55,"minecraft:damage_taken":5852,"minecraft:mob_kills":10,"minecraft:boat_one_cm":70445,"minecraft:open_shulker_box":5,"minecraft:time_since_death":73800,"minecraft:open_enderchest":3,"minecraft:interact_with_furnace":2,"minecraft:sleep_in_bed":1,"minecraft:swim_one_cm":9261,"minecraft:total_world_time":3109771,"minecraft:crouch_one_cm":91018,"minecraft:climb_one_cm":12434,"minecraft:deaths":8,"minecraft:player_kills":5,"minecraft:minecart_one_cm":51755,"minecraft:traded_with_villager":589,"minecraft:inspect_dropper":116,"minecraft:walk_one_cm":1582505,"minecraft:walk_under_water_one_cm":258443,"minecraft:interact_with_lectern":13,"minecraft:damage_dealt":1815,"minecraft:play_time":3108819,"minecraft:jump":5366,"minecraft:drop":187,"minecraft:open_barrel":9,"minecraft:sprint_one_cm":831031,"minecraft:open_chest":14,"minecraft:fill_cauldron":1,"minecraft:inspect_hopper":51,"minecraft:fall_one_cm":65692,"minecraft:tune_noteblock":2023,"minecraft:fly_one_cm":15722580,"minecraft:interact_with_anvil":3,"minecraft:walk_on_water_one_cm":210513,"minecraft:sneak_time":179587},"minecraft:killed_by":{"minecraft:player":3},"minecraft:dropped":{"minecraft:potato":1030,"minecraft:red_wool":1,"minecraft:light_gray_wool":1,"minecraft:beetroot_seeds":131,"minecraft:name_tag":31,"minecraft:carrot_on_a_stick":1,"minecraft:water_bucket":1,"minecraft:mossy_cobblestone":1,"minecraft:wheat":962,"minecraft:repeater":88,"minecraft:chicken":2,"minecraft:sea_lantern":1,"minecraft:written_book":1,"minecraft:oak_sign":3,"minecraft:glass":1,"minecraft:white_wool":4,"minecraft:dirt":2,"minecraft:carrot":1427,"minecraft:command_block":1,"minecraft:beetroot":1280,"minecraft:dark_oak_planks":1,"minecraft:writable_book":1,"minecraft:feather":3,"minecraft:rail":1},"minecraft:mined":{"minecraft:dirt":1,"minecraft:potatoes":17,"minecraft:spruce_stairs":1},"minecraft:picked_up":{"minecraft:poisonous_potato":1,"minecraft:name_tag":254,"minecraft:carrot":412,"minecraft:stone_button":3,"minecraft:saddle":2,"minecraft:glass":1,"minecraft:redstone":102,"minecraft:bone":11,"minecraft:water_bucket":2,"minecraft:melon_seeds":2,"minecraft:iron_horse_armor":2,"minecraft:spruce_sign":4,"minecraft:redstone_torch":21,"minecraft:powered_rail":6,"minecraft:chicken":3,"minecraft:player_head":28,"minecraft:repeater":39,"minecraft:dark_oak_planks":1,"minecraft:mossy_cobblestone":1,"minecraft:dandelion":2,"minecraft:wheat":521,"minecraft:spruce_door":1,"minecraft:mutton":2,"minecraft:gunpowder":7,"minecraft:beetroot":386,"minecraft:diamond_horse_armor":1,"minecraft:dirt":2,"minecraft:red_wool":1,"minecraft:rail":3,"minecraft:command_block":1,"minecraft:bread":2,"minecraft:carrot_on_a_stick":1,"minecraft:sea_lantern":1,"minecraft:coal":6,"minecraft:potato":590,"minecraft:spruce_stairs":1,"minecraft:music_disc_13":1,"minecraft:white_shulker_box":1,"minecraft:egg":18,"minecraft:white_wool":5,"minecraft:nether_star":1,"minecraft:feather":4,"minecraft:dark_oak_pressure_plate":2,"minecraft:oak_button":1,"minecraft:rotten_flesh":2,"minecraft:written_book":1,"minecraft:beetroot_seeds":12,"minecraft:oak_sign":15,"minecraft:string":6,"minecraft:blue_carpet":1,"minecraft:writable_book":1,"minecraft:comparator":22},"minecraft:killed":{"minecraft:chicken":6,"minecraft:sheep":1,"minecraft:villager":2,"minecraft:bat":1}},"DataVersion":4440}