{"stats":{"minecraft:killed":{"minecraft:chicken":76},"minecraft:killed_by":{"minecraft:player":5},"minecraft:custom":{"minecraft:eat_cake_slice":22,"minecraft:trigger_trapped_chest":35,"minecraft:time_since_rest":1016,"minecraft:talked_to_villager":1,"minecraft:leave_game":134,"minecraft:damage_taken":5409,"minecraft:mob_kills":76,"minecraft:boat_one_cm":1424262,"minecraft:open_shulker_box":192,"minecraft:time_since_death":1825,"minecraft:interact_with_furnace":5,"minecraft:sleep_in_bed":2,"minecraft:inspect_dispenser":20,"minecraft:swim_one_cm":196645,"minecraft:total_world_time":7744229,"minecraft:pot_flower":4,"minecraft:crouch_one_cm":260985,"minecraft:climb_one_cm":38255,"minecraft:deaths":12,"minecraft:player_kills":3,"minecraft:interact_with_loom":3,"minecraft:animals_bred":1,"minecraft:minecart_one_cm":209794,"minecraft:interact_with_crafting_table":7,"minecraft:inspect_dropper":413,"minecraft:walk_one_cm":7386723,"minecraft:walk_under_water_one_cm":633691,"minecraft:interact_with_lectern":185,"minecraft:damage_dealt":3260,"minecraft:play_time":7673501,"minecraft:jump":27340,"minecraft:play_record":6,"minecraft:drop":484,"minecraft:open_barrel":305,"minecraft:sprint_one_cm":6131684,"minecraft:open_chest":221,"minecraft:fill_cauldron":12,"minecraft:inspect_hopper":820,"minecraft:fall_one_cm":81294,"minecraft:tune_noteblock":415,"minecraft:fly_one_cm":66347055,"minecraft:interact_with_anvil":44,"minecraft:walk_on_water_one_cm":597104,"minecraft:sneak_time":330330},"minecraft:broken":{"minecraft:wooden_hoe":1},"minecraft:crafted":{"minecraft:decorated_pot":2},"minecraft:mined":{"minecraft:short_grass":5,"minecraft:honey_block":1,"minecraft:dandelion":2,"minecraft:redstone_wire":1,"minecraft:wheat":5,"minecraft:grass_block":1,"minecraft:farmland":2,"minecraft:wet_sponge":1},"minecraft:used":{"minecraft:birch_door":1,"minecraft:waxed_oxidized_copper_bulb":1,"minecraft:netherite_block":13,"minecraft:daylight_detector":6,"minecraft:skeleton_skull":1,"minecraft:kelp":7,"minecraft:cactus":2,"minecraft:birch_sign":96,"minecraft:white_banner":40,"minecraft:campfire":1,"minecraft:wheat_seeds":14,"minecraft:resin_brick_stairs":2,"minecraft:pink_wool":1121,"minecraft:red_shulker_box":3,"minecraft:glass":4257,"minecraft:polished_diorite_stairs":671,"minecraft:bamboo_raft":15,"minecraft:quartz_block":5056,"minecraft:decorated_pot":10,"minecraft:hay_block":17,"minecraft:yellow_carpet":4,"minecraft:exposed_copper":4,"minecraft:stripped_crimson_stem":29,"minecraft:detector_rail":13,"minecraft:polished_blackstone_slab":7,"minecraft:oak_log":233,"minecraft:sea_lantern":1327,"minecraft:spruce_slab":120,"minecraft:barrier":46,"minecraft:diorite_wall":35,"minecraft:stripped_oak_log":13,"minecraft:white_carpet":3,"minecraft:seagrass":31,"minecraft:hopper_minecart":1,"minecraft:armor_stand":27,"minecraft:polished_granite_stairs":2,"minecraft:lime_stained_glass":8,"minecraft:loom":15,"minecraft:green_carpet":2,"minecraft:polished_diorite":245,"minecraft:magenta_glazed_terracotta":22,"minecraft:dark_prismarine":1326,"minecraft:quartz_pillar":985,"minecraft:quartz_bricks":11,"minecraft:red_stained_glass":48,"minecraft:stripped_warped_stem":37,"minecraft:dark_oak_leaves":7,"minecraft:honey_block":89,"minecraft:dragon_head":1,"minecraft:oak_hanging_sign":50,"minecraft:fletching_table":3,"minecraft:anvil":18,"minecraft:bamboo_pressure_plate":12,"minecraft:spruce_fence_gate":14,"minecraft:white_stained_glass_pane":606,"minecraft:warped_planks":76,"minecraft:light_blue_stained_glass":62,"minecraft:red_nether_bricks":2,"minecraft:written_book":5,"minecraft:polished_granite":77,"minecraft:sand":116,"minecraft:redstone_block":3124,"minecraft:glow_ink_sac":29,"minecraft:stripped_spruce_wood":42,"minecraft:gray_wool":1228,"minecraft:crimson_pressure_plate":6,"minecraft:bucket":3,"minecraft:flower_pot":5,"minecraft:yellow_wool":5297,"minecraft:black_stained_glass":3,"minecraft:smooth_stone_slab":10,"minecraft:iron_door":53,"minecraft:bedrock":4,"minecraft:diamond_block":15,"minecraft:oak_fence":47,"minecraft:oak_trapdoor":13,"minecraft:grass_block":355,"minecraft:string":65,"minecraft:sponge":165,"minecraft:emerald_block":280,"minecraft:honeycomb":61,"minecraft:polished_blackstone_stairs":4,"minecraft:deepslate":1307,"minecraft:brown_carpet":101,"minecraft:andesite":171,"minecraft:jungle_door":9,"minecraft:acacia_sign":1,"minecraft:waxed_copper_block":6197,"minecraft:oak_boat":55,"minecraft:firework_rocket":2,"minecraft:stone_brick_slab":155,"minecraft:ochre_froglight":14,"minecraft:red_stained_glass_pane":8,"minecraft:stone_bricks":2707,"minecraft:warped_button":6,"minecraft:light_gray_wool":89,"minecraft:blue_wool":1421,"minecraft:minecart":62,"minecraft:smooth_stone":15,"minecraft:quartz_slab":832,"minecraft:red_bed":20,"minecraft:light_blue_wool":4906,"minecraft:magenta_wool":2101,"minecraft:diorite":61,"minecraft:redstone":20521,"minecraft:white_stained_glass":20,"minecraft:zombie_head":1,"minecraft:spruce_door":42,"minecraft:map":1,"minecraft:cobblestone":45,"minecraft:stone":2645,"minecraft:crafting_table":16,"minecraft:stripped_birch_log":66,"minecraft:spruce_sign":9,"minecraft:spruce_trapdoor":10,"minecraft:sculk":20,"minecraft:target":1476,"minecraft:lapis_block":4,"minecraft:piglin_head":1,"minecraft:glow_item_frame":225,"minecraft:smoker":4,"minecraft:copper_door":1,"minecraft:red_banner":2,"minecraft:soul_soil":4,"minecraft:gray_glazed_terracotta":112,"minecraft:spruce_log":98,"minecraft:horn_coral_fan":32,"minecraft:stone_hoe":1,"minecraft:black_concrete":1008,"minecraft:water_bucket":839,"minecraft:soul_sand":127,"minecraft:polished_blackstone_button":20,"minecraft:green_terracotta":1,"minecraft:black_stained_glass_pane":4,"minecraft:torch":5,"minecraft:chiseled_stone_bricks":31,"minecraft:sunflower":2,"minecraft:red_wool":1023,"minecraft:chicken_spawn_egg":38,"minecraft:black_dye":4,"minecraft:cobweb":7,"minecraft:gravel":27,"minecraft:cake":15,"minecraft:beacon":4,"minecraft:white_wool":2518,"minecraft:comparator":638,"minecraft:bamboo_planks":118,"minecraft:redstone_lamp":2353,"minecraft:deepslate_tile_stairs":145,"minecraft:sculk_sensor":1,"minecraft:dark_oak_trapdoor":20,"minecraft:chest":139,"minecraft:cauldron":34,"minecraft:deepslate_iron_ore":3,"minecraft:polished_andesite_stairs":9,"minecraft:prismarine":6,"minecraft:painting":355,"minecraft:repeater":3834,"minecraft:andesite_stairs":6,"minecraft:stone_slab":14,"minecraft:player_head":159,"minecraft:spruce_pressure_plate":44,"minecraft:iron_block":114,"minecraft:structure_block":133,"minecraft:sticky_piston":1006,"minecraft:wooden_axe":5,"minecraft:black_carpet":32,"minecraft:oak_sign":745,"minecraft:sea_pickle":1,"minecraft:black_concrete_powder":24,"minecraft:dark_oak_stairs":9,"minecraft:glass_pane":47,"minecraft:lantern":91,"minecraft:short_grass":3,"minecraft:granite":221,"minecraft:dark_oak_pressure_plate":7,"minecraft:gray_stained_glass_pane":6,"minecraft:red_carpet":665,"minecraft:black_wool":549,"minecraft:smithing_table":3,"minecraft:dark_prismarine_stairs":103,"minecraft:tinted_glass":10,"minecraft:red_concrete_powder":2,"minecraft:smooth_quartz":8886,"minecraft:jukebox":760,"minecraft:crimson_door":5,"minecraft:orange_wool":886,"minecraft:green_wool":1166,"minecraft:dandelion":1,"minecraft:oak_door":6,"minecraft:stone_pressure_plate":15,"minecraft:chiseled_quartz_block":251,"minecraft:chiseled_tuff":43,"minecraft:jungle_hanging_sign":1,"minecraft:deepslate_diamond_ore":10,"minecraft:prismarine_bricks":14,"minecraft:writable_book":46,"minecraft:bone_meal":43,"minecraft:item_frame":9,"minecraft:white_shulker_box":41,"minecraft:dark_oak_planks":2246,"minecraft:coal_block":1,"minecraft:glowstone":337,"minecraft:bamboo_mosaic":8,"minecraft:lime_wool":872,"minecraft:dirt":1441,"minecraft:obsidian":37,"minecraft:dark_oak_sign":4,"minecraft:spruce_planks":2719,"minecraft:oak_leaves":576,"minecraft:dispenser":23,"minecraft:rail":172,"minecraft:iron_bars":9,"minecraft:waxed_copper_bulb":67,"minecraft:lectern":8,"minecraft:stone_brick_stairs":424,"minecraft:iron_trapdoor":687,"minecraft:powered_rail":790,"minecraft:orange_carpet":2,"minecraft:oak_planks":503,"minecraft:purple_wool":1181,"minecraft:sugar_cane":16,"minecraft:dropper":134,"minecraft:quartz_stairs":755,"minecraft:iron_ore":1,"minecraft:red_glazed_terracotta":15,"minecraft:spruce_fence":18,"minecraft:polished_deepslate_wall":4,"minecraft:mud_brick_slab":2,"minecraft:observer":477,"minecraft:waxed_copper_trapdoor":4,"minecraft:netherite_sword":43,"minecraft:spruce_stairs":271,"minecraft:red_concrete":46,"minecraft:diorite_stairs":4,"minecraft:warped_door":4,"minecraft:mangrove_trapdoor":19,"minecraft:crimson_planks":73,"minecraft:ladder":62,"minecraft:command_block":67,"minecraft:magma_block":5,"minecraft:tuff":12,"minecraft:lime_terracotta":3,"minecraft:diorite_slab":1,"minecraft:piston":197,"minecraft:lava_bucket":1,"minecraft:pearlescent_froglight":5,"minecraft:cobblestone_wall":62,"minecraft:oak_slab":380,"minecraft:dark_prismarine_slab":34,"minecraft:copper_block":839,"minecraft:hopper":1161,"minecraft:polished_andesite":77,"minecraft:heavy_core":4,"minecraft:blue_concrete_powder":11,"minecraft:note_block":25,"minecraft:birch_boat":6,"minecraft:oak_pressure_plate":31,"minecraft:light_gray_stained_glass":9,"minecraft:oak_fence_gate":30,"minecraft:light_blue_glazed_terracotta":10,"minecraft:gold_block":16,"minecraft:polished_blackstone_wall":8,"minecraft:acacia_trapdoor":50,"minecraft:granite_stairs":2,"minecraft:waxed_oxidized_copper":92,"minecraft:black_glazed_terracotta":195,"minecraft:polished_diorite_slab":399,"minecraft:smooth_quartz_slab":700,"minecraft:white_dye":25,"minecraft:trapped_chest":2,"minecraft:structure_void":4,"minecraft:slime_block":373,"minecraft:repeating_command_block":5,"minecraft:wither_skeleton_skull":1,"minecraft:furnace":37,"minecraft:green_concrete":1,"minecraft:barrel":571,"minecraft:netherite_hoe":1,"minecraft:cyan_wool":484,"minecraft:wooden_hoe":57,"minecraft:lever":155,"minecraft:dark_oak_slab":617,"minecraft:oak_button":107,"minecraft:white_concrete":282,"minecraft:blue_ice":573,"minecraft:tripwire_hook":43,"minecraft:stone_button":36,"minecraft:spruce_button":1,"minecraft:bamboo_door":8,"minecraft:debug_stick":440,"minecraft:stone_stairs":12,"minecraft:oak_stairs":143,"minecraft:warped_pressure_plate":19,"minecraft:smooth_quartz_stairs":347,"minecraft:birch_hanging_sign":12,"minecraft:redstone_torch":2832,"minecraft:warped_trapdoor":4,"minecraft:brown_wool":30,"minecraft:egg":9,"minecraft:azure_bluet":2,"minecraft:heavy_weighted_pressure_plate":1},"minecraft:picked_up":{"minecraft:iron_door":8,"minecraft:name_tag":215,"minecraft:glow_item_frame":24,"minecraft:stone_button":4,"minecraft:glass":4,"minecraft:redstone":4396,"minecraft:quartz_slab":1,"minecraft:music_disc_creator_music_box":1,"minecraft:redstone_lamp":2,"minecraft:lantern":3,"minecraft:iron_bars":1,"minecraft:granite":1,"minecraft:emerald":520,"minecraft:light_blue_wool":1,"minecraft:powered_rail":28,"minecraft:crimson_pressure_plate":2,"minecraft:spectral_arrow":1,"minecraft:observer":1,"minecraft:dark_oak_planks":18,"minecraft:smooth_quartz_stairs":4,"minecraft:firework_rocket":576,"minecraft:dandelion":5,"minecraft:chiseled_quartz_block":1,"minecraft:spruce_planks":1,"minecraft:dirt":2,"minecraft:rail":3,"minecraft:light_gray_stained_glass_pane":1,"minecraft:blue_wool":1,"minecraft:quartz_stairs":1,"minecraft:black_carpet":1,"minecraft:crimson_door":2,"minecraft:azure_bluet":1,"minecraft:coal":1,"minecraft:oak_log":1,"minecraft:brown_carpet":15,"minecraft:oak_hanging_sign":2,"minecraft:oak_door":2,"minecraft:wheat_seeds":41,"minecraft:smooth_quartz":6,"minecraft:music_disc_relic":1,"minecraft:white_shulker_box":29,"minecraft:egg":8237,"minecraft:anvil":1,"minecraft:hopper":71,"minecraft:waxed_copper_block":924,"minecraft:sunflower":5003,"minecraft:feather":301,"minecraft:iron_trapdoor":1,"minecraft:oak_button":19,"minecraft:oak_sign":67,"minecraft:polished_blackstone_button":2,"minecraft:string":11,"minecraft:stone_bricks":3,"minecraft:writable_book":4,"minecraft:ladder":1,"minecraft:amethyst_shard":20,"minecraft:filled_map":21,"minecraft:comparator":79,"minecraft:soul_sand":1,"minecraft:tripwire_hook":4,"minecraft:bucket":1,"minecraft:birch_sign":1,"minecraft:cyan_wool":1,"minecraft:slime_block":1,"minecraft:water_bucket":2,"minecraft:target":2,"minecraft:iron_horse_armor":1,"minecraft:golden_apple":1,"minecraft:golden_horse_armor":1,"minecraft:dropper":42,"minecraft:music_disc_precipice":2,"minecraft:oak_pressure_plate":1,"minecraft:redstone_torch":972,"minecraft:painting":132,"minecraft:black_wool":66,"minecraft:chicken":166,"minecraft:player_head":1,"minecraft:honey_block":1,"minecraft:repeater":403,"minecraft:bamboo_raft":1,"minecraft:cooked_chicken":230,"minecraft:red_carpet":95,"minecraft:item_frame":1,"minecraft:pumpkin_seeds":3,"minecraft:music_disc_5":1,"minecraft:wheat":14,"minecraft:spruce_pressure_plate":3,"minecraft:quartz_pillar":4,"minecraft:netherite_sword":1,"minecraft:red_stained_glass_pane":1743,"minecraft:lever":47,"minecraft:stone":3,"minecraft:gravel":48,"minecraft:blue_ice":6,"minecraft:quartz_block":2,"minecraft:deepslate_tile_stairs":2,"minecraft:sea_lantern":1,"minecraft:redstone_block":1,"minecraft:grass_block":1,"minecraft:music_disc_creator":1,"minecraft:sticky_piston":6,"minecraft:wet_sponge":1,"minecraft:warped_button":3,"minecraft:flower_pot":1,"minecraft:oak_planks":31,"minecraft:warped_door":2,"minecraft:rotten_flesh":5,"minecraft:warped_pressure_plate":2,"minecraft:written_book":2,"minecraft:yellow_wool":1,"minecraft:jukebox":1,"minecraft:barrel":1},"minecraft:dropped":{"minecraft:observer":1,"minecraft:wheat":4,"minecraft:repeater":4,"minecraft:sea_lantern":1,"minecraft:glass":4,"minecraft:egg":60,"minecraft:wheat_seeds":6,"minecraft:sunflower":3347,"minecraft:polished_blackstone_button":1,"minecraft:yellow_wool":1,"minecraft:redstone_lamp":2,"minecraft:soul_sand":1,"minecraft:redstone_block":1,"minecraft:jukebox":2,"minecraft:chiseled_quartz_block":1,"minecraft:player_head":1,"minecraft:name_tag":80,"minecraft:nether_star":1,"minecraft:redstone":9,"minecraft:oak_log":1,"minecraft:grass_block":1,"minecraft:smooth_quartz_stairs":4,"minecraft:quartz_pillar":4,"minecraft:dandelion":1,"minecraft:deepslate_tile_stairs":2,"minecraft:oak_sign":4,"minecraft:redstone_torch":10,"minecraft:barrel":1,"minecraft:red_carpet":1,"minecraft:quartz_stairs":1,"minecraft:target":3,"minecraft:spruce_planks":1,"minecraft:smooth_quartz":6,"minecraft:dirt":4,"minecraft:black_wool":4,"minecraft:stone":3,"minecraft:blue_wool":1,"minecraft:iron_trapdoor":1,"minecraft:granite":1,"minecraft:feather":47,"minecraft:light_blue_wool":1,"minecraft:emerald":822,"minecraft:waxed_copper_block":1,"minecraft:blue_ice":6,"minecraft:iron_bars":1,"minecraft:netherite_sword":1,"minecraft:stone_bricks":3,"minecraft:cyan_wool":1,"minecraft:chicken":48,"minecraft:written_book":1,"minecraft:quartz_block":2,"minecraft:big_dripleaf":1,"minecraft:sticky_piston":2,"minecraft:brown_carpet":1,"minecraft:dark_oak_planks":18,"minecraft:writable_book":1,"minecraft:bamboo_raft":1,"minecraft:painting":128,"minecraft:quartz_slab":1,"minecraft:slime_block":1}},"DataVersion":4440}