{"stats":{"minecraft:picked_up":{"minecraft:name_tag":1},"minecraft:custom":{"minecraft:jump":46,"minecraft:time_since_rest":4107,"minecraft:leave_game":1,"minecraft:crouch_one_cm":338,"minecraft:open_shulker_box":1,"minecraft:play_time":4107,"minecraft:inspect_dropper":2,"minecraft:sprint_one_cm":8364,"minecraft:time_since_death":4107,"minecraft:walk_one_cm":4035,"minecraft:sneak_time":948,"minecraft:total_world_time":4107,"minecraft:fall_one_cm":418,"minecraft:fly_one_cm":13173}},"DataVersion":3953}